PERIODO,VALOR_USD
1993-01-01,1197000
1993-02-01,1297000
1993-03-01,1033000
1993-04-01,143000
1993-05-01,240000
1993-06-01,126000
1993-07-01,104000
1993-08-01,2167000
1993-09-01,3563000
1993-10-01,3250000
1993-11-01,3606000
1993-12-01,2409000
1994-01-01,2415000
1994-02-01,2704000
1994-03-01,1189000
1994-04-01,579000
1994-05-01,542000
1994-06-01,446000
1994-07-01,1227000
1994-08-01,5198000
1994-09-01,4545000
1994-10-01,5029000
1994-11-01,3260000
1994-12-01,2402000
1995-01-01,3430000
1995-02-01,2744000
1995-03-01,1238000
1995-04-01,807000
1995-05-01,642000
1995-06-01,881000
1995-07-01,1936000
1995-08-01,5043000
1995-09-01,6498000
1995-10-01,4434000
1995-11-01,4205000
1995-12-01,2607000
1996-01-01,3292000
1996-02-01,4065000
1996-03-01,2963000
1996-04-01,2050000
1996-05-01,1346000
1996-06-01,1234000
1996-07-01,1797000
1996-08-01,5129000
1996-09-01,8398000
1996-10-01,4767000
1996-11-01,5242000
1996-12-01,2492000
1997-01-01,3324000
1997-02-01,2564000
1997-03-01,2892000
1997-04-01,2286000
1997-05-01,1734000
1997-06-01,1532000
1997-07-01,3095000
1997-08-01,6970000
1997-09-01,5166000
1997-10-01,3989000
1997-11-01,5188000
1997-12-01,4230000
1998-01-01,6074000
1998-02-01,4994000
1998-03-01,3981000
1998-04-01,3690000
1998-05-01,2586000
1998-06-01,2486000
1998-07-01,2773000
1998-08-01,5246000
1998-09-01,3900000
1998-10-01,4993000
1998-11-01,7805000
1998-12-01,5423000
1999-01-01,5677000
1999-02-01,6050000
1999-03-01,3459000
1999-04-01,2070000
1999-05-01,2223000
1999-06-01,1614000
1999-07-01,1874000
1999-08-01,5464000
1999-09-01,7666000
1999-10-01,6096000
1999-11-01,9484000
1999-12-01,6955000
2000-01-01,8308000
2000-02-01,7951000
2000-03-01,5922000
2000-04-01,4288000
2000-05-01,4260000
2000-06-01,4360000
2000-07-01,3857000
2000-08-01,5024000
2000-09-01,6844000
2000-10-01,6263000
2000-11-01,10737000
2000-12-01,5875000
2001-01-01,7895000
2001-02-01,7789000
2001-03-01,6237000
2001-04-01,4221000
2001-05-01,3870000
2001-06-01,3768000
2001-07-01,5940000
2001-08-01,5624000
2001-09-01,6641000
2001-10-01,8028000
2001-11-01,10160000
2001-12-01,7859000
2002-01-01,10882000
2002-02-01,9625000
2002-03-01,11950000
2002-04-01,10166000
2002-05-01,4842000
2002-06-01,3918000
2002-07-01,3812000
2002-08-01,6261000
2002-09-01,7164000
2002-10-01,11730000
2002-11-01,11276000
2002-12-01,10981000
2003-01-01,16326000
2003-02-01,18649000
2003-03-01,20708000
2003-04-01,15956000
2003-05-01,7162000
2003-06-01,6680000
2003-07-01,10999000
2003-08-01,15467000
2003-09-01,18107000
2003-10-01,24408000
2003-11-01,20277000
2003-12-01,20323000
2004-01-01,23127000
2004-02-01,22573000
2004-03-01,30717000
2004-04-01,21176000
2004-05-01,13002000
2004-06-01,10039000
2004-07-01,11538000
2004-08-01,13418000
2004-09-01,8959000
2004-10-01,17897000
2004-11-01,18800000
2004-12-01,20010000
2005-01-01,23480000
2005-02-01,26677000
2005-03-01,34235000
2005-04-01,35253000
2005-05-01,28558000
2005-06-01,24147000
2005-07-01,35055000
2005-08-01,28912000
2005-09-01,28857000
2005-10-01,30945000
2005-11-01,34440000
2005-12-01,35559000
2006-01-01,39436000
2006-02-01,36933000
2006-03-01,34668000
2006-04-01,29323000
2006-05-01,25572000
2006-06-01,20382000
2006-07-01,13853000
2006-08-01,21203000
2006-09-01,22871000
2006-10-01,27688000
2006-11-01,31038000
2006-12-01,26298000
2007-01-01,43706000
2007-02-01,35547000
2007-03-01,51095000
2007-04-01,65052000
2007-05-01,57947000
2007-06-01,46431000
2007-07-01,50224000
2007-08-01,47324000
2007-09-01,38507000
2007-10-01,51958000
2007-11-01,63243000
2007-12-01,50138000
2008-01-01,60792000
2008-02-01,43613000
2008-03-01,59697000
2008-04-01,57699000
2008-05-01,53213000
2008-06-01,46975000
2008-07-01,36132000
2008-08-01,41653000
2008-09-01,45415000
2008-10-01,41770000
2008-11-01,44118000
2008-12-01,46109000
2009-01-01,57770000
2009-02-01,53173000
2009-03-01,73669000
2009-04-01,70614000
2009-05-01,57145000
2009-06-01,69835000
2009-07-01,47353000
2009-08-01,42474000
2009-09-01,42112000
2009-10-01,46669000
2009-11-01,41898000
2009-12-01,42693000
2010-01-01,52712000
2010-02-01,43198000
2010-03-01,71679000
2010-04-01,59099000
2010-05-01,59180000
2010-06-01,45495000
2010-07-01,37232000
2010-08-01,35121000
2010-09-01,43239000
2010-10-01,41752000
2010-11-01,52956000
2010-12-01,61982000
2011-01-01,85338000
2011-02-01,68763000
2011-03-01,100268000
2011-04-01,85137000
2011-05-01,77516000
2011-06-01,61463000
2011-07-01,45886000
2011-08-01,54873000
2011-09-01,52560000
2011-10-01,62036000
2011-11-01,73252000
2011-12-01,70237000
2012-01-01,92658000
2012-02-01,66628000
2012-03-01,86859000
2012-04-01,92712000
2012-05-01,79032000
2012-06-01,55893000
2012-07-01,44955000
2012-08-01,58135000
2012-09-01,58361000
2012-10-01,90089000
2012-11-01,76177000
2012-12-01,76408000
2013-01-01,99384000
2013-02-01,73989000
2013-03-01,102727000
2013-04-01,108575000
2013-05-01,99419000
2013-06-01,84519000
2013-07-01,67721000
2013-08-01,60031000
2013-09-01,90780000
2013-10-01,126468000
2013-11-01,95815000
2013-12-01,96845000
2014-01-01,134555000
2014-02-01,98198000
2014-03-01,126612000
2014-04-01,132308000
2014-05-01,105489000
2014-06-01,99346000
2014-07-01,83144000
2014-08-01,78451000
2014-09-01,150561000
2014-10-01,125539000
2014-11-01,119400000
2014-12-01,141653000
2015-01-01,154987000
2015-02-01,124995000
2015-03-01,161894000
2015-04-01,141797000
2015-05-01,130109000
2015-06-01,120759000
2015-07-01,132572000
2015-08-01,118187000
2015-09-01,137006000
2015-10-01,141511000
2015-11-01,138380000
2015-12-01,130276000
2016-01-01,143079000
2016-02-01,135543000
2016-03-01,147157000
2016-04-01,132155000
2016-05-01,171819000
2016-06-01,127164000
2016-07-01,176070000
2016-08-01,173989000
2016-09-01,282258000
2016-10-01,230294000
2016-11-01,200800000
2016-12-01,182666000
2017-01-01,199379000
2017-02-01,195515000
2017-03-01,252425000
2017-04-01,214286000
2017-05-01,239791000
2017-06-01,156550000
2017-07-01,164609000
2017-08-01,298960000
2017-09-01,312938000
2017-10-01,222890000
2017-11-01,201843000
2017-12-01,251089000
2018-01-01,268708000
2018-02-01,203156000
2018-03-01,240014000
2018-04-01,243485000
2018-05-01,210075000
2018-06-01,160956000
2018-07-01,179420000
2018-08-01,238122000
2018-09-01,182580000
2018-10-01,187588000
2018-11-01,180357000
2018-12-01,199075000
2019-01-01,223356000
2019-02-01,182185000
2019-03-01,234241000
2019-04-01,393297000
2019-05-01,254638000
2019-06-01,204212000
2019-07-01,238105000
2019-08-01,237267000
2019-09-01,229854000
2019-10-01,269516000
2019-11-01,215314000
2019-12-01,250093000
2020-01-01,279301000
2020-02-01,258693000
2020-03-01,338581000
2020-04-01,203394000
2020-05-01,204110000
2020-06-01,217712000
2020-07-01,139546000
2020-08-01,199410000
2020-09-01,231568000
2020-10-01,234805000
2020-11-01,186668000
2020-12-01,205845000
2021-01-01,240136000
2021-02-01,230001000
2021-03-01,390453000
2021-04-01,254667000
2021-05-01,234646000
2021-06-01,202371000
2021-07-01,213037000
2021-08-01,260241000
2021-09-01,303750000
2021-10-01,289194000
2021-11-01,320184000
2021-12-01,331634000
2022-01-01,339266000
2022-02-01,282803000
2022-03-01,361488000
2022-04-01,347424000
2022-05-01,352988000
2022-06-01,241125000
2022-07-01,205590000
2022-08-01,216362000
2022-09-01,199200000
2022-10-01,236019000
2022-11-01,225019000
2022-12-01,313873000
2023-01-01,232785000
2023-02-01,294032000
2023-03-01,296537000
2023-04-01,246636000
2023-05-01,246457000
2023-06-01,218851000
2023-07-01,247804000
2023-08-01,269395000
2023-09-01,257273000
2023-10-01,302908000
2023-11-01,247764000
2023-12-01,292959000
2024-01-01,305259000
2024-02-01,305813000
2024-03-01,339045000
2024-04-01,376352000
2024-05-01,267172000
2024-06-01,216113000
2024-07-01,246791000
2024-08-01,316692000
2024-09-01,351287000
2024-10-01,388203000
2024-11-01,338184000
2024-12-01,393294000
2025-01-01,459928000
2025-02-01,372603000
2025-03-01,412778000
2025-04-01,374933000
2025-05-01,270018000
2025-06-01,259562000
2025-07-01,231888000
2025-08-01,216320000
2025-09-01,232646000
2025-10-01,254117000
2025-11-01,229431000
2025-12-01,269068000
2026-01-01,292625000
2026-02-01,257944000
2026-03-01,359495000
2026-04-01,294236000
2026-05-01,277439000
2026-06-01,309967000
2026-07-01,244596000
